{
  "hash": "c7bf9692",
  "configHash": "1dc42fb1",
  "lockfileHash": "d3cdd001",
  "browserHash": "43ffbae2",
  "optimized": {
    "@angular/common": {
      "src": "../../../../../node_modules/@angular/common/fesm2022/common.mjs",
      "file": "@angular_common.js",
      "fileHash": "b07cfb55",
      "needsInterop": false
    },
    "@angular/common/http": {
      "src": "../../../../../node_modules/@angular/common/fesm2022/http.mjs",
      "file": "@angular_common_http.js",
      "fileHash": "cd99896e",
      "needsInterop": false
    },
    "@angular/core": {
      "src": "../../../../../node_modules/@angular/core/fesm2022/core.mjs",
      "file": "@angular_core.js",
      "fileHash": "313393f2",
      "needsInterop": false
    },
    "@angular/forms": {
      "src": "../../../../../node_modules/@angular/forms/fesm2022/forms.mjs",
      "file": "@angular_forms.js",
      "fileHash": "7bd08f7e",
      "needsInterop": false
    },
    "@angular/platform-browser": {
      "src": "../../../../../node_modules/@angular/platform-browser/fesm2022/platform-browser.mjs",
      "file": "@angular_platform-browser.js",
      "fileHash": "7a8e17b7",
      "needsInterop": false
    },
    "@angular/platform-server": {
      "src": "../../../../../node_modules/@angular/platform-server/fesm2022/platform-server.mjs",
      "file": "@angular_platform-server.js",
      "fileHash": "e82a0041",
      "needsInterop": false
    },
    "@angular/router": {
      "src": "../../../../../node_modules/@angular/router/fesm2022/router.mjs",
      "file": "@angular_router.js",
      "fileHash": "013b5a79",
      "needsInterop": false
    },
    "angular-datatables": {
      "src": "../../../../../node_modules/angular-datatables/fesm2022/angular-datatables.mjs",
      "file": "angular-datatables.js",
      "fileHash": "156057ab",
      "needsInterop": false
    },
    "moment": {
      "src": "../../../../../node_modules/moment/moment.js",
      "file": "moment.js",
      "fileHash": "0a3507fb",
      "needsInterop": true
    },
    "ngx-cookie-service": {
      "src": "../../../../../node_modules/ngx-cookie-service/fesm2022/ngx-cookie-service.mjs",
      "file": "ngx-cookie-service.js",
      "fileHash": "ca830f5c",
      "needsInterop": false
    },
    "rxjs": {
      "src": "../../../../../node_modules/rxjs/dist/cjs/index.js",
      "file": "rxjs.js",
      "fileHash": "59cfbbdf",
      "needsInterop": true
    },
    "rxjs/operators": {
      "src": "../../../../../node_modules/rxjs/dist/cjs/operators/index.js",
      "file": "rxjs_operators.js",
      "fileHash": "19b61e7b",
      "needsInterop": true
    },
    "tslib": {
      "src": "../../../../../node_modules/tslib/tslib.es6.mjs",
      "file": "tslib.js",
      "fileHash": "8504fc9f",
      "needsInterop": false
    }
  },
  "chunks": {
    "xhr2-AQ42KH57": {
      "file": "xhr2-AQ42KH57.js"
    },
    "chunk-OIBVBSDJ": {
      "file": "chunk-OIBVBSDJ.js"
    },
    "chunk-IXSFKLYN": {
      "file": "chunk-IXSFKLYN.js"
    },
    "chunk-7FH5RE4F": {
      "file": "chunk-7FH5RE4F.js"
    },
    "chunk-BBC3FSJS": {
      "file": "chunk-BBC3FSJS.js"
    },
    "chunk-IJKRIHJI": {
      "file": "chunk-IJKRIHJI.js"
    },
    "chunk-IXWXOSOL": {
      "file": "chunk-IXWXOSOL.js"
    },
    "chunk-4SNWTT7U": {
      "file": "chunk-4SNWTT7U.js"
    },
    "chunk-NQ4HTGF6": {
      "file": "chunk-NQ4HTGF6.js"
    }
  }
}