{
  "hash": "bba5fe50",
  "configHash": "fd16ca5c",
  "lockfileHash": "feb6a4a8",
  "browserHash": "8ec54075",
  "optimized": {
    "@angular/common": {
      "src": "../../../../../node_modules/@angular/common/fesm2022/common.mjs",
      "file": "@angular_common.js",
      "fileHash": "f701246f",
      "needsInterop": false
    },
    "@angular/common/http": {
      "src": "../../../../../node_modules/@angular/common/fesm2022/http.mjs",
      "file": "@angular_common_http.js",
      "fileHash": "2f09e571",
      "needsInterop": false
    },
    "@angular/core": {
      "src": "../../../../../node_modules/@angular/core/fesm2022/core.mjs",
      "file": "@angular_core.js",
      "fileHash": "12d8e5cf",
      "needsInterop": false
    },
    "@angular/forms": {
      "src": "../../../../../node_modules/@angular/forms/fesm2022/forms.mjs",
      "file": "@angular_forms.js",
      "fileHash": "7d4aad45",
      "needsInterop": false
    },
    "@angular/platform-browser": {
      "src": "../../../../../node_modules/@angular/platform-browser/fesm2022/platform-browser.mjs",
      "file": "@angular_platform-browser.js",
      "fileHash": "bc863ba8",
      "needsInterop": false
    },
    "@angular/router": {
      "src": "../../../../../node_modules/@angular/router/fesm2022/router.mjs",
      "file": "@angular_router.js",
      "fileHash": "6de67831",
      "needsInterop": false
    },
    "angular-datatables": {
      "src": "../../../../../node_modules/angular-datatables/fesm2022/angular-datatables.mjs",
      "file": "angular-datatables.js",
      "fileHash": "37488593",
      "needsInterop": false
    },
    "apexcharts": {
      "src": "../../../../../node_modules/apexcharts/dist/apexcharts.common.js",
      "file": "apexcharts.js",
      "fileHash": "229da3e5",
      "needsInterop": true
    },
    "moment": {
      "src": "../../../../../node_modules/moment/moment.js",
      "file": "moment.js",
      "fileHash": "c275e29a",
      "needsInterop": true
    },
    "ngx-cookie-service": {
      "src": "../../../../../node_modules/ngx-cookie-service/fesm2022/ngx-cookie-service.mjs",
      "file": "ngx-cookie-service.js",
      "fileHash": "59921713",
      "needsInterop": false
    },
    "rxjs": {
      "src": "../../../../../node_modules/rxjs/dist/esm5/index.js",
      "file": "rxjs.js",
      "fileHash": "5df509b8",
      "needsInterop": false
    },
    "rxjs/operators": {
      "src": "../../../../../node_modules/rxjs/dist/esm5/operators/index.js",
      "file": "rxjs_operators.js",
      "fileHash": "a7cf4e95",
      "needsInterop": false
    }
  },
  "chunks": {
    "chunk-TNDEE325": {
      "file": "chunk-TNDEE325.js"
    },
    "chunk-M5ZDHHGD": {
      "file": "chunk-M5ZDHHGD.js"
    },
    "chunk-V5TECEH4": {
      "file": "chunk-V5TECEH4.js"
    },
    "chunk-L3CE7MTN": {
      "file": "chunk-L3CE7MTN.js"
    },
    "chunk-TFMRLFGK": {
      "file": "chunk-TFMRLFGK.js"
    },
    "chunk-5X3OOUUX": {
      "file": "chunk-5X3OOUUX.js"
    },
    "chunk-KQP4K3F6": {
      "file": "chunk-KQP4K3F6.js"
    },
    "chunk-EIB7IA3J": {
      "file": "chunk-EIB7IA3J.js"
    }
  }
}