{
  "hash": "096d8e89",
  "configHash": "ff890aca",
  "lockfileHash": "244ebd5a",
  "browserHash": "f50a62b1",
  "optimized": {
    "@angular/common": {
      "src": "../../../../../node_modules/@angular/common/fesm2022/common.mjs",
      "file": "@angular_common.js",
      "fileHash": "67a9141b",
      "needsInterop": false
    },
    "@angular/common/http": {
      "src": "../../../../../node_modules/@angular/common/fesm2022/http.mjs",
      "file": "@angular_common_http.js",
      "fileHash": "26d5294f",
      "needsInterop": false
    },
    "@angular/core": {
      "src": "../../../../../node_modules/@angular/core/fesm2022/core.mjs",
      "file": "@angular_core.js",
      "fileHash": "1acf8f0f",
      "needsInterop": false
    },
    "@angular/forms": {
      "src": "../../../../../node_modules/@angular/forms/fesm2022/forms.mjs",
      "file": "@angular_forms.js",
      "fileHash": "28e5ef0b",
      "needsInterop": false
    },
    "@angular/platform-browser": {
      "src": "../../../../../node_modules/@angular/platform-browser/fesm2022/platform-browser.mjs",
      "file": "@angular_platform-browser.js",
      "fileHash": "da52ffcb",
      "needsInterop": false
    },
    "@angular/router": {
      "src": "../../../../../node_modules/@angular/router/fesm2022/router.mjs",
      "file": "@angular_router.js",
      "fileHash": "b2bac287",
      "needsInterop": false
    },
    "moment": {
      "src": "../../../../../node_modules/moment/moment.js",
      "file": "moment.js",
      "fileHash": "cffb5944",
      "needsInterop": true
    },
    "ngx-cookie-service": {
      "src": "../../../../../node_modules/ngx-cookie-service/fesm2022/ngx-cookie-service.mjs",
      "file": "ngx-cookie-service.js",
      "fileHash": "39f48cf4",
      "needsInterop": false
    },
    "rxjs": {
      "src": "../../../../../node_modules/rxjs/dist/esm5/index.js",
      "file": "rxjs.js",
      "fileHash": "f05740a9",
      "needsInterop": false
    },
    "rxjs/operators": {
      "src": "../../../../../node_modules/rxjs/dist/esm5/operators/index.js",
      "file": "rxjs_operators.js",
      "fileHash": "71b0adbd",
      "needsInterop": false
    }
  },
  "chunks": {
    "chunk-TNDEE325": {
      "file": "chunk-TNDEE325.js"
    },
    "chunk-M5ZDHHGD": {
      "file": "chunk-M5ZDHHGD.js"
    },
    "chunk-V5TECEH4": {
      "file": "chunk-V5TECEH4.js"
    },
    "chunk-L3CE7MTN": {
      "file": "chunk-L3CE7MTN.js"
    },
    "chunk-5X3OOUUX": {
      "file": "chunk-5X3OOUUX.js"
    },
    "chunk-TFMRLFGK": {
      "file": "chunk-TFMRLFGK.js"
    },
    "chunk-KQP4K3F6": {
      "file": "chunk-KQP4K3F6.js"
    },
    "chunk-EIB7IA3J": {
      "file": "chunk-EIB7IA3J.js"
    }
  }
}