{
  "hash": "45fd97cd",
  "configHash": "f5293c8d",
  "lockfileHash": "244ebd5a",
  "browserHash": "e34e977f",
  "optimized": {
    "@angular/common": {
      "src": "../../../../../node_modules/@angular/common/fesm2022/common.mjs",
      "file": "@angular_common.js",
      "fileHash": "2831507e",
      "needsInterop": false
    },
    "@angular/common/http": {
      "src": "../../../../../node_modules/@angular/common/fesm2022/http.mjs",
      "file": "@angular_common_http.js",
      "fileHash": "3e9207eb",
      "needsInterop": false
    },
    "@angular/core": {
      "src": "../../../../../node_modules/@angular/core/fesm2022/core.mjs",
      "file": "@angular_core.js",
      "fileHash": "7d4d3e72",
      "needsInterop": false
    },
    "@angular/forms": {
      "src": "../../../../../node_modules/@angular/forms/fesm2022/forms.mjs",
      "file": "@angular_forms.js",
      "fileHash": "bc711329",
      "needsInterop": false
    },
    "@angular/platform-browser": {
      "src": "../../../../../node_modules/@angular/platform-browser/fesm2022/platform-browser.mjs",
      "file": "@angular_platform-browser.js",
      "fileHash": "cf5c6ede",
      "needsInterop": false
    },
    "@angular/router": {
      "src": "../../../../../node_modules/@angular/router/fesm2022/router.mjs",
      "file": "@angular_router.js",
      "fileHash": "f53d4ac6",
      "needsInterop": false
    },
    "moment": {
      "src": "../../../../../node_modules/moment/moment.js",
      "file": "moment.js",
      "fileHash": "42eeb3ef",
      "needsInterop": true
    },
    "ngx-cookie-service": {
      "src": "../../../../../node_modules/ngx-cookie-service/fesm2022/ngx-cookie-service.mjs",
      "file": "ngx-cookie-service.js",
      "fileHash": "21980131",
      "needsInterop": false
    },
    "rxjs": {
      "src": "../../../../../node_modules/rxjs/dist/esm5/index.js",
      "file": "rxjs.js",
      "fileHash": "a0960d04",
      "needsInterop": false
    },
    "rxjs/operators": {
      "src": "../../../../../node_modules/rxjs/dist/esm5/operators/index.js",
      "file": "rxjs_operators.js",
      "fileHash": "c7c5df90",
      "needsInterop": false
    },
    "tslib": {
      "src": "../../../../../node_modules/tslib/tslib.es6.mjs",
      "file": "tslib.js",
      "fileHash": "fdb027d2",
      "needsInterop": false
    }
  },
  "chunks": {
    "chunk-O3MXLT5C": {
      "file": "chunk-O3MXLT5C.js"
    },
    "chunk-QXVVBMN5": {
      "file": "chunk-QXVVBMN5.js"
    },
    "chunk-BLD3KXSK": {
      "file": "chunk-BLD3KXSK.js"
    },
    "chunk-O5DJ56Q3": {
      "file": "chunk-O5DJ56Q3.js"
    },
    "chunk-TQO6VFQJ": {
      "file": "chunk-TQO6VFQJ.js"
    },
    "chunk-EE23643A": {
      "file": "chunk-EE23643A.js"
    },
    "chunk-ODTHBFDQ": {
      "file": "chunk-ODTHBFDQ.js"
    },
    "chunk-YTN62GH5": {
      "file": "chunk-YTN62GH5.js"
    },
    "chunk-EIB7IA3J": {
      "file": "chunk-EIB7IA3J.js"
    }
  }
}