{
  "hash": "1acd2171",
  "configHash": "6ba3cafc",
  "lockfileHash": "feb6a4a8",
  "browserHash": "a1153511",
  "optimized": {
    "@angular/common": {
      "src": "../../../../../node_modules/@angular/common/fesm2022/common.mjs",
      "file": "@angular_common.js",
      "fileHash": "c9741f8a",
      "needsInterop": false
    },
    "@angular/common/http": {
      "src": "../../../../../node_modules/@angular/common/fesm2022/http.mjs",
      "file": "@angular_common_http.js",
      "fileHash": "0729e475",
      "needsInterop": false
    },
    "@angular/core": {
      "src": "../../../../../node_modules/@angular/core/fesm2022/core.mjs",
      "file": "@angular_core.js",
      "fileHash": "1b2e01fd",
      "needsInterop": false
    },
    "@angular/forms": {
      "src": "../../../../../node_modules/@angular/forms/fesm2022/forms.mjs",
      "file": "@angular_forms.js",
      "fileHash": "7a7cae55",
      "needsInterop": false
    },
    "@angular/platform-browser": {
      "src": "../../../../../node_modules/@angular/platform-browser/fesm2022/platform-browser.mjs",
      "file": "@angular_platform-browser.js",
      "fileHash": "3ffda12c",
      "needsInterop": false
    },
    "@angular/platform-server": {
      "src": "../../../../../node_modules/@angular/platform-server/fesm2022/platform-server.mjs",
      "file": "@angular_platform-server.js",
      "fileHash": "7df87432",
      "needsInterop": false
    },
    "@angular/router": {
      "src": "../../../../../node_modules/@angular/router/fesm2022/router.mjs",
      "file": "@angular_router.js",
      "fileHash": "1b948414",
      "needsInterop": false
    },
    "angular-datatables": {
      "src": "../../../../../node_modules/angular-datatables/fesm2022/angular-datatables.mjs",
      "file": "angular-datatables.js",
      "fileHash": "9de786c3",
      "needsInterop": false
    },
    "apexcharts": {
      "src": "../../../../../node_modules/apexcharts/dist/apexcharts.common.js",
      "file": "apexcharts.js",
      "fileHash": "63800e4f",
      "needsInterop": true
    },
    "moment": {
      "src": "../../../../../node_modules/moment/moment.js",
      "file": "moment.js",
      "fileHash": "041e4a71",
      "needsInterop": true
    },
    "ngx-cookie-service": {
      "src": "../../../../../node_modules/ngx-cookie-service/fesm2022/ngx-cookie-service.mjs",
      "file": "ngx-cookie-service.js",
      "fileHash": "5e69f704",
      "needsInterop": false
    },
    "rxjs": {
      "src": "../../../../../node_modules/rxjs/dist/cjs/index.js",
      "file": "rxjs.js",
      "fileHash": "70be3a2a",
      "needsInterop": true
    },
    "rxjs/operators": {
      "src": "../../../../../node_modules/rxjs/dist/cjs/operators/index.js",
      "file": "rxjs_operators.js",
      "fileHash": "b67581a1",
      "needsInterop": true
    }
  },
  "chunks": {
    "xhr2-AQ42KH57": {
      "file": "xhr2-AQ42KH57.js"
    },
    "chunk-B3KQS2AZ": {
      "file": "chunk-B3KQS2AZ.js"
    },
    "chunk-WFQGNI74": {
      "file": "chunk-WFQGNI74.js"
    },
    "chunk-IE7V3LGR": {
      "file": "chunk-IE7V3LGR.js"
    },
    "chunk-QESUBVGS": {
      "file": "chunk-QESUBVGS.js"
    },
    "chunk-IXWXOSOL": {
      "file": "chunk-IXWXOSOL.js"
    },
    "chunk-IJKRIHJI": {
      "file": "chunk-IJKRIHJI.js"
    },
    "chunk-4SNWTT7U": {
      "file": "chunk-4SNWTT7U.js"
    },
    "chunk-NQ4HTGF6": {
      "file": "chunk-NQ4HTGF6.js"
    }
  }
}