{
  "hash": "ae83589a",
  "configHash": "e91443e9",
  "lockfileHash": "244ebd5a",
  "browserHash": "fe6dde0f",
  "optimized": {
    "@angular/common": {
      "src": "../../../../../node_modules/@angular/common/fesm2022/common.mjs",
      "file": "@angular_common.js",
      "fileHash": "8d0ed093",
      "needsInterop": false
    },
    "@angular/common/http": {
      "src": "../../../../../node_modules/@angular/common/fesm2022/http.mjs",
      "file": "@angular_common_http.js",
      "fileHash": "4f5f4e3b",
      "needsInterop": false
    },
    "@angular/core": {
      "src": "../../../../../node_modules/@angular/core/fesm2022/core.mjs",
      "file": "@angular_core.js",
      "fileHash": "dc707ff3",
      "needsInterop": false
    },
    "@angular/forms": {
      "src": "../../../../../node_modules/@angular/forms/fesm2022/forms.mjs",
      "file": "@angular_forms.js",
      "fileHash": "52352eb2",
      "needsInterop": false
    },
    "@angular/platform-browser": {
      "src": "../../../../../node_modules/@angular/platform-browser/fesm2022/platform-browser.mjs",
      "file": "@angular_platform-browser.js",
      "fileHash": "ff051949",
      "needsInterop": false
    },
    "@angular/platform-server": {
      "src": "../../../../../node_modules/@angular/platform-server/fesm2022/platform-server.mjs",
      "file": "@angular_platform-server.js",
      "fileHash": "c4c381c2",
      "needsInterop": false
    },
    "@angular/router": {
      "src": "../../../../../node_modules/@angular/router/fesm2022/router.mjs",
      "file": "@angular_router.js",
      "fileHash": "29d44d27",
      "needsInterop": false
    },
    "moment": {
      "src": "../../../../../node_modules/moment/moment.js",
      "file": "moment.js",
      "fileHash": "321a5309",
      "needsInterop": true
    },
    "ngx-cookie-service": {
      "src": "../../../../../node_modules/ngx-cookie-service/fesm2022/ngx-cookie-service.mjs",
      "file": "ngx-cookie-service.js",
      "fileHash": "3a41feeb",
      "needsInterop": false
    },
    "rxjs": {
      "src": "../../../../../node_modules/rxjs/dist/cjs/index.js",
      "file": "rxjs.js",
      "fileHash": "dcc03d01",
      "needsInterop": true
    },
    "rxjs/operators": {
      "src": "../../../../../node_modules/rxjs/dist/cjs/operators/index.js",
      "file": "rxjs_operators.js",
      "fileHash": "822ca0bb",
      "needsInterop": true
    },
    "tslib": {
      "src": "../../../../../node_modules/tslib/tslib.es6.mjs",
      "file": "tslib.js",
      "fileHash": "99fbdf4c",
      "needsInterop": false
    }
  },
  "chunks": {
    "xhr2-AQ42KH57": {
      "file": "xhr2-AQ42KH57.js"
    },
    "chunk-B3KQS2AZ": {
      "file": "chunk-B3KQS2AZ.js"
    },
    "chunk-WFQGNI74": {
      "file": "chunk-WFQGNI74.js"
    },
    "chunk-IE7V3LGR": {
      "file": "chunk-IE7V3LGR.js"
    },
    "chunk-QESUBVGS": {
      "file": "chunk-QESUBVGS.js"
    },
    "chunk-IXWXOSOL": {
      "file": "chunk-IXWXOSOL.js"
    },
    "chunk-IJKRIHJI": {
      "file": "chunk-IJKRIHJI.js"
    },
    "chunk-4SNWTT7U": {
      "file": "chunk-4SNWTT7U.js"
    },
    "chunk-NQ4HTGF6": {
      "file": "chunk-NQ4HTGF6.js"
    }
  }
}